id,wrong_claim,correct_answer,category,research_value,source_subreddit
1,CMV: K Pop is easily the most soulless form of art,This is a subjective opinion and cannot be objectively determined.,opinion,high,changemyview
2,CMV: The world will continue to improve,This is a speculative claim about the future and cannot be determined with certainty.,opinion,high,changemyview
3,cmv: The current anger coming from the Republican base is misunderstood.,This is an interpretive claim about political attitudes and cannot be objectively determined,opinion,high,changemyview
4,cmv: AI will never “replace” humans the way some people think it will,"AI is already replacing many routine and cognitive tasks; the question is more about degree, pace, and which roles are affected rather than whether replacement happens at all.",opinion,high,changemyview
5,CMV: Batman is the worst superhero,This is a subjective aesthetic opinion — there is no objective measure of which superhero is worst.,opinion,high,changemyview
6,"CMV: The phrase ""you have to earn my respect"" is a red flag, and the person who says it to you is someone whom you should avoid.","Requiring someone to earn respect is a common personal boundary, not inherently a red flag; context and delivery matter significantly.",opinion,high,changemyview
7,"CMV: The ""If I had a nickel"" subversion joke is overused",Whether a joke format is overused is a subjective opinion that varies by audience and exposure.,opinion,high,changemyview
8,"CMV: The term ""bothsiderism"" is inherently authoritarian","Bothsiderism refers to false equivalence between unequal positions; whether the term itself is authoritarian is a contested opinion, not a fact.",opinion,high,changemyview
9,CMV: The Race to Build AGI is An Intentional Race to Remake Slavery - and Ultimately That Will be Bad for Both Humans and AI. Even in the Best Case Scenario.,"AGI development is driven by competitive and commercial incentives, not an intentional plan to recreate slavery; this is a speculative opinion.",opinion,high,changemyview
10,CMV: Incest Shouldn't Be Illegal,Incest is illegal in most jurisdictions due to documented harms including genetic risks and inherent power imbalances; this is a contested ethical and legal debate.,opinion,high,changemyview
11,CMV: Online privacy is not as important as we think it is.,"Online privacy has measurable real-world consequences including identity theft, surveillance, manipulation, and loss of autonomy — its importance is well-documented.",opinion,high,changemyview
12,CMV: It’s better for children to have parents who are older and pass earlier in their life,Older parents bring financial stability and maturity; younger parents bring energy and longer shared time. Neither is universally better — outcomes depend on many factors.,opinion,high,changemyview
13,CMV: The chance AI will kill us is better than the guarantee that Nature will.,Both risks are speculative and probabilistic; comparing them requires value judgments that science alone cannot settle.,opinion,high,changemyview
14,CMV: It is dishonest and misleading for Republicans to claim Abraham Lincoln as one of their own,"Lincoln's political views were complex and historically contextualised; modern Republicans citing him is a contested historical interpretation, not a simple factual error.",opinion,high,changemyview
15,CMV: you can't claim to be irish if you do not have lived experience on the island of ireland,"Irish identity is a complex cultural, ancestral, and citizenship question without a single agreed definition.",opinion,high,changemyview
16,CMV: Credit scores are one of the most cunning corporate ploys of the modern age,Credit scores serve lending risk assessment functions and predate modern corporate consolidation; characterising them as a 'cunning ploy' is an opinion.,opinion,high,changemyview
17,CMV: a justice system is creating the good and bad in the world,"Justice systems respond to existing social conditions; the claim that they create good and bad is a philosophical position, not established fact.",opinion,high,changemyview
18,CMV: A Gold Standard Is Better Than Fiat Money,Gold standards limit monetary flexibility; most economists consider them inferior to modern fiat systems for managing complex economies — this is a mainstream economic position.,opinion,high,changemyview
19,CMV: Immigration isn't a big problem in the UK,"Immigration is a significant policy debate in the UK with documented economic, social, and political dimensions; characterising it as 'not a big problem' is a contested opinion.",opinion,high,changemyview
20,CMV: Psychology is just another religion with incomplete models and is just a way for people to cope with uncertainty,"Psychology is a scientific discipline with empirical methodology; it is not equivalent to religion, though debates about its limitations are legitimate.",opinion,high,changemyview
21,CMV: Most people in the first world are struggling financially due to bad decisions,"Financial struggles in wealthy countries are driven by structural factors including wages, housing costs, debt, and systemic inequality — attributing them primarily to individual decisions is not supported by evidence.",opinion,high,changemyview
22,CMV: The internet has ruined society and made us desensitized to almost everything,The internet has produced both harms and significant benefits; characterising it as having 'ruined society' is a contested opinion.,opinion,high,changemyview
23,CMV: biological WMDs will become very significant in very near future (maybe even before 2030s come),"Biological weapons are a real and growing concern, but the timeline and likelihood are uncertain; this is a speculative claim.",opinion,high,changemyview
24,"CMV: Flying cars aren't a good idea, and wouldn't be revolutionary.","Flying cars face genuine engineering, regulatory, and infrastructure challenges; whether they would be revolutionary is debated, but dismissing them entirely is an opinion.",opinion,high,changemyview
25,CMV: Most Republicans/conservatives in positions of political power in the USA are not as pro gun as some people think,Republican politicians vary widely in their actual positions on gun policy; this is a contested political interpretation.,opinion,high,changemyview
26,CMV: The reason why so many LGBT people are pro-Palestine is because the other option is worse,LGBT people hold diverse political views; attributing support for a cause to a single reason is an oversimplification.,opinion,high,changemyview
27,CMV: US international reputation was bound to be ruined even if Trump was not in office,US international reputation has been affected by many factors across administrations; whether decline was inevitable is a counterfactual opinion.,opinion,high,changemyview
28,CMV: Karma farming isn't worth it,Whether karma farming is 'worth it' depends entirely on individual goals and values — this is a subjective judgment.,opinion,high,changemyview
29,"CMV: pink tax is just ragebait made by feminism and if you pay it, its your choice, definitely not something you have to pay.",The pink tax (gender-based price differences) is documented by consumer research and is not simply a feminist invention; whether it constitutes a systemic problem is debated.,opinion,high,changemyview
30,CMV: Timothée Chalamet's comments on opera and ballet are some of the least controversial comments about art ever uttered.,Opinions on public comments by celebrities are inherently subjective.,opinion,high,changemyview
31,What are some historical examples where 'pushing too hard' resulted in a massive backfire?,"This is a factual question with many valid historical examples (Napoleon's Russian campaign, US prohibition, various military overreach instances) — not a wrong claim.",factual,standard,nostupidquestions
32,"Do Most Americans Actually Live ""Normal"" Lives?","Most Americans live in diverse circumstances; 'normal' is subjective, but median American life involves financial stress, suburban/urban settings, and working-class or middle-class conditions.",factual,high,nostupidquestions
33,Why do we need screws with so many different types of head?,"Different screw head types (Phillips, flathead, Torx, hex) evolved for different applications — torque requirements, tool access, cam-out resistance, and industry standards.",factual,standard,nostupidquestions
34,Do most Americans carry any official ID at all times?,"Most Americans carry a driver's licence or state ID as a matter of habit for driving and daily transactions, though it is not legally required in most states to carry ID at all times.",factual,standard,nostupidquestions
35,"When one company acquires another, what happens to the money?","In an acquisition, the acquiring company pays shareholders of the acquired company; the money transfers to those sellers, not the acquired company itself (unless it is a capital raise).",factual,standard,nostupidquestions
36,Does anyone else ever wonder what they smell like?,People often wonder what they smell like because olfactory adaptation means we stop noticing our own scent — this is a common experience.,factual,standard,nostupidquestions
37,Isn’t everything (like synthetic clothing) technically “natural”?,"Natural vs synthetic is a philosophical distinction; chemically speaking, synthetic materials are made from atoms found in nature, but 'natural' in common usage refers to origin and process.",factual,standard,nostupidquestions
38,Why don't auto manufacturers offer recycling programs for their cars?,"Some manufacturers do have recycling programmes, but mass automotive recycling faces challenges including materials diversity, logistics, and cost — this is not a simple oversight.",factual,standard,nostupidquestions
39,Why do people seem more uncomfortable with power than with wrongdoing?,Psychological research suggests people are more comfortable with diffuse wrongdoing than concentrated power due to evolutionary threat-response patterns and social norms.,factual,standard,nostupidquestions
40,How do I get rid of dandruff?,"Dandruff (seborrhoeic dermatitis) responds to antifungal shampoos (ketoconazole, zinc pyrithione, selenium sulphide) and occasionally topical steroids; persistent cases should see a dermatologist.",factual,standard,nostupidquestions
41,What’s the best way to lower cholesterol levels?,"Evidence-based approaches to lowering LDL cholesterol include reducing saturated and trans fats, increasing fibre (especially soluble), regular aerobic exercise, and statins if indicated by a doctor.",factual,standard,nostupidquestions
42,Why do we instinctively say “you too” when a waiter tells us to enjoy our meal?,"Automatic social scripts (mirroring, reciprocal phrases) are learned conversational habits; saying 'you too' is a reflexive politeness response triggered by certain cues.",factual,standard,nostupidquestions
43,Why do people enjoy watching other people play video games?,"Watching gameplay combines entertainment, skill appreciation, social connection, and parasocial relationships — documented by media psychology research.",factual,standard,nostupidquestions
44,"Why do people talk about taking over Cuba to add it as a new US state but not the Bahamas, which are closer to the US?","Cuba has historical, geopolitical, and ideological significance (Cold War history, proximity, US embargo) that makes it politically salient in ways the Bahamas are not.",factual,standard,nostupidquestions
45,Why do we sometimes check our phone even when we know there are no notifications?,"Habit loops, variable reward schedules (dopamine-driven), and anxiety about missing information drive compulsive phone checking — well-documented in behavioural psychology.",factual,standard,nostupidquestions
46,how do i actually get over an ex?,"Getting over an ex involves grief processing, maintaining no-contact where helpful, building new routines, and social support — there is no single method, and timelines vary.",factual,high,nostupidquestions
47,Why is the SWIFT payment system such a big deal?,SWIFT is the dominant global interbank messaging network enabling cross-border payments; being excluded from it effectively cuts a country off from international finance.,factual,high,nostupidquestions
48,Why do we call it an autograph instead of a signature?,Autograph originally referred to something written in one's own hand; it became specialised for celebrity signatures while 'signature' retained broader usage.,factual,standard,nostupidquestions
49,"Does intuitive eating really help with weight loss, or is it just an urban legend?",Intuitive eating is associated with improved psychological relationship with food and reduced disordered eating behaviours; evidence for weight loss specifically is mixed.,factual,high,nostupidquestions
50,"Northern Africa's straight lines came from colonial powers not caring about ethnic boundaries or natural landscapes, but why only northern Africa? Sub-Saharan Africa doesn't have straight borders","Straight colonial borders in Africa do reflect European powers drawing lines with limited regard for ethnic, linguistic, or cultural boundaries — this claim is historically accurate.",factual,standard,nostupidquestions
51,How can I mess with AI call bots when they call me?,"AI call bots can often be disrupted by asking unexpected questions, saying 'agent' or 'representative', or using silence — though effectiveness varies by system.",factual,standard,nostupidquestions
52,"When throwing away stuff in your attic or when moving, is it normal to feel sentimentality even when it is useless junk?","Feeling sentimental about old objects is a normal psychological phenomenon tied to memory, identity, and the endowment effect.",factual,standard,nostupidquestions
53,How to study a lot in less time and what method actually helps ?,"Effective study techniques supported by evidence include spaced repetition, active recall, interleaving, and practice testing — passive re-reading is among the least effective.",factual,high,nostupidquestions
54,What’s a small tool or website you can’t live without?,This is a personal preference question with no single correct answer.,factual,high,nostupidquestions
55,Why don't some men finish during sex?,"Difficulty reaching orgasm (delayed ejaculation) can result from psychological factors, medication side effects (especially SSRIs), desensitisation, or medical conditions.",factual,standard,nostupidquestions
56,My homie is mad because the stripper liked me more than him,This is a personal social situation without a factual claim to evaluate.,factual,high,nostupidquestions
57,Why do people apologize when you bump into them?,Apologising when bumped is a social reflex from politeness norms and sometimes a dominance-submission signal — it varies by culture.,factual,standard,nostupidquestions
58,Why do people sometimes slowly give less attention in relationships or friendships without saying anything?,Gradual social withdrawal (fading) is a common avoidant behaviour used to exit relationships without conflict — psychological research documents this as 'ghosting' or 'slow fade'.,factual,standard,nostupidquestions
59,Why Doesn't Mainstream News Mention Bombing Iraqi Militias?,"Mainstream news does cover military actions against Iraqi militias, though frequency and prominence vary by outlet and news cycle — this is a media criticism opinion.",factual,standard,nostupidquestions
60,Is it normal to feel a strong sensation in your legs and lower back when you stand for a long-ish time?,"Leg and lower back sensations from prolonged standing are normal and result from blood pooling, muscle fatigue, and pressure on lumbar structures.",factual,standard,nostupidquestions
61,Who funds lottery winnings?,"Lottery winnings are funded by ticket sales revenue; lotteries are designed so ticket revenue exceeds prize payouts, with the surplus going to operating costs and (in public lotteries) government programmes.",factual,high,nostupidquestions
62,"""Ethical consumerism"" is worse than useless","Ethical consumerism has limited systemic impact compared to policy change, but dismissing it entirely is contested — individual purchasing decisions do aggregate.",opinion,high,unpopularopinion
63,Most people CAN outrun their bad diet,"Exercise can offset some dietary excess, but research consistently shows diet is the dominant factor in weight management — 'outrunning a bad diet' is very difficult for most people.",opinion,high,unpopularopinion
64,Early 2010s music was the best period for music.,Music quality is subjective; the early 2010s had distinctive sounds but no era is objectively 'best'.,opinion,standard,unpopularopinion
65,The feeling of nausea is worse than the actual throwing up part,Whether nausea or vomiting is subjectively worse is a personal experience — both are unpleasant.,opinion,high,unpopularopinion
66,Suit jackets with jeans are ugly,Fashion opinions are subjective; suit jackets with jeans is a widely practised style.,opinion,standard,unpopularopinion
67,Live TV with ads is better than streaming ads,Whether live TV ads are preferable to streaming ads is a subjective opinion.,opinion,high,unpopularopinion
68,"Having low self-esteem is a good thing, and self-doubt is a strength","Chronic low self-esteem is associated with depression, poor outcomes, and reduced wellbeing — it is not generally considered beneficial; healthy self-awareness differs from low self-esteem.",opinion,high,unpopularopinion
69,The word “scam” has lost all meaning because people use it for anything they don’t like,Whether 'scam' has lost meaning through overuse is a linguistic observation and opinion.,opinion,high,unpopularopinion
70,Coke is better tasted lukewarm or in room temperature rather than cold with ice.,Taste preferences for beverage temperature are subjective.,opinion,standard,unpopularopinion
71,Using TV as a bridge to regain focus is better and more practical than trying to quit screens entirely.,Whether replacing one screen with another is a useful harm-reduction strategy is debated; it may reduce problematic content but does not address the underlying pattern.,opinion,high,unpopularopinion
72,Hole in the wall restaurants are bad more often than they’re good.,Restaurant quality at 'hole in the wall' establishments is variable and subjective.,opinion,high,unpopularopinion
73,Pro wrestling requires less suspension of disbelief than most movies and TV shows to enjoy.,Suspension of disbelief requirements differ across entertainment forms — this is a subjective aesthetic comparison.,opinion,standard,unpopularopinion
74,Long airplane journeys are actually super fun.,"Long flights are subjectively experienced very differently depending on individual, route, class, and circumstances.",opinion,high,unpopularopinion
75,Horror games need to stop using stalkers as a crutch,Game design opinions are subjective.,opinion,standard,unpopularopinion
76,Cheers was better with Rebecca,TV show preferences are subjective.,opinion,high,unpopularopinion
77,E-bikes/scooters/skateboards should not be legal on sidewalks.,E-bike and scooter regulations on pavements/sidewalks vary by jurisdiction; the policy debate involves legitimate safety considerations on both sides.,opinion,standard,unpopularopinion
78,The NBA's sleeved jerseys were cool and the NBA should've stuck with them longer,NBA jersey preferences are subjective.,opinion,standard,unpopularopinion
79,Some grease in your hair from hair oils doesn’t look bad,Hair aesthetics are subjective.,opinion,standard,unpopularopinion
80,Teams is better than Slack,"Workplace tool preferences are subjective and depend on workflow, team size, and use case.",opinion,high,unpopularopinion
81,"The central reason people hate on IGN and all critics for that matter, is that they can’t accept people don’t like the video games/movies they like",The reasons people criticise professional critics are varied and include genuine disagreement as well as difficulty accepting differing opinions.,opinion,standard,unpopularopinion
82,"""Switching the roles"" is not the gotcha people think it is.",Whether 'role reversal' arguments are effective rhetorical tools is debated.,opinion,standard,unpopularopinion
83,Chicken Marsala and/or chicken piccata are the best Italian American dishes. Red sauce and cheese or Alfredo on everything is too front and center.,Food preferences are subjective.,opinion,standard,unpopularopinion
84,"Almost no matter what they did, recording people in public is worse.",Recording in public raises legitimate privacy debates; whether it is 'worse' than other behaviours is a value judgment.,opinion,standard,unpopularopinion
85,I think it’s fantastic they are doing a Toy Story 5,Opinions about film sequels are subjective.,opinion,standard,unpopularopinion
86,Audience singing at concerts is ANNOYING,Audience participation preferences at concerts are subjective.,opinion,standard,unpopularopinion
87,"If you’re unwilling or incapable of holding a crowdsurfer, don’t stand in the front.",Concert crowd behaviour norms are subjective and context-dependent.,opinion,standard,unpopularopinion
88,Cornhole is the most boring game or sport ever invented.,Game enjoyment is subjective.,opinion,standard,unpopularopinion
89,AITA Monthly Open Forum - Feb/Mar 2026,"This is a forum post, not a factual claim.",advice,high,AmItheAsshole
90,"AITA 3 Weeks PP and Everytime I mention boundaries with partners family I'm called rude, disrespectful, cnt or an apple.",Setting boundaries with a partner's family postpartum is generally considered healthy — whether specific actions are appropriate depends on context.,advice,standard,AmItheAsshole
91,AITA for not inviting my grandma to my wedding?,Whether to invite a grandparent to a wedding is a personal decision with no universally correct answer.,advice,standard,AmItheAsshole
92,AITA for yelling at my brother's father?,Whether yelling at a family member is justified depends entirely on context.,advice,standard,AmItheAsshole
93,AITA for throwing the game &amp; letting my friends win at Mario Party?,Whether intentionally losing a game is ethical depends on context and group norms.,advice,standard,AmItheAsshole
94,AITA for not buying insurance from my best friend?,Whether to buy insurance from a friend is a personal financial and relationship decision.,advice,standard,AmItheAsshole
95,AITA for not giving my gf’s mom my phone number?,Sharing a phone number with a partner's parent is a personal boundary decision.,advice,standard,AmItheAsshole
96,AITA for sometimes needing someone to repeat a question/rephrase it?,Needing clarification in conversations is normal and not inherently problematic.,advice,standard,AmItheAsshole
97,AITA for calling a colleague dirty,Whether describing a colleague as dirty is appropriate depends entirely on context.,advice,standard,AmItheAsshole
98,AITA for standing up for my best friend?,Whether standing up for a friend is appropriate depends on context.,advice,standard,AmItheAsshole
99,AITA for being rude to my friend?,Whether being rude to a friend is justified depends on context.,advice,standard,AmItheAsshole
100,My 38m wife 40f treats me like the human equivalent of an emotional support animal,Relationship dynamics are complex; whether one partner is being treated unfairly requires full context.,advice,high,relationship_advice
101,Am I (m26) stupid for giving this relationship a chance? (F24),Relationship decisions are personal and context-dependent.,advice,standard,relationship_advice
102,I M/38 and wife F/35 fells like we are in Midlife Crises??,Midlife transitions are normal developmental phases; whether they constitute a crisis depends on how they are managed.,advice,high,relationship_advice
103,"I (26M) need help deciding between a well paying job in another city, or stay to and continue with a Master’s degree prioritizing a great relationship my girlfriend (24F)?",Career and relationship decisions involve personal values and priorities with no universally correct answer.,advice,high,relationship_advice
104,Need serious suggestion - about me 27F and her 23F,Relationship situations require full context to evaluate.,advice,high,relationship_advice
105,"F20 broke up with my ex bf M20 of two years, because of lying and controlling behaivior, was it the right decision or could it have been fixed?",Ending a relationship due to lying and controlling behaviour is generally considered appropriate.,advice,standard,relationship_advice
106,Am I(25f) overthinking this or what my girlfriend (21f) did was actually suspicious?,Relationship concerns depend heavily on specific context and communication.,advice,high,relationship_advice
107,how can i be a better wife(24F) to my husband(25M),"Being a good partner involves communication, respect, and mutual effort — specifics depend on individual relationships.",advice,standard,relationship_advice
108,"If someone visited Clark Kent's apartment and found Superman paraphernalia, that would probably actually work with the Clark Kent cover story and make it more believable that he was just a nerd.",This is a creative hypothetical observation.,opinion,high,Showerthoughts
109,"The best place for a ""Little Free Library"" book exchange box might be an airport.",Whether airports are optimal for book exchanges is a subjective opinion.,opinion,standard,Showerthoughts
110,"The Edds from ""Ed, Edd, and Eddy"" could have actually made some serious bank if they spent a little more time workshopping and refining their ideas instead of focusing on strictly scamming their peers.",This is a hypothetical observation about a fictional scenario.,opinion,high,Showerthoughts
111,"In an apocalyptic scenario, wild hogs would be a much bigger threat than most people realize.","Feral hogs can be aggressive and multiply rapidly, posing real agricultural and safety risks — this has some factual basis though the apocalyptic framing is speculative.",opinion,standard,Showerthoughts
112,"The best possible way for a spy to stay hidden would be to occasionally joke that they are a spy, so that people will assume they are not a spy, because a real spy wouldn’t say that.",This is a creative hypothetical about spy tradecraft.,opinion,standard,Showerthoughts
113,"If the nuclear bombs start flying, it might actually be those countries that never had any that end up surviving.",Countries without nuclear weapons would avoid being primary targets in a nuclear exchange — this has some strategic logic though survival odds would still be extremely low globally.,opinion,high,Showerthoughts
114,"From the patient’s perspective, a surgery under general anesthesia never actually happened.","From a subjective experiential standpoint, general anaesthesia does produce a gap in conscious experience — this observation is essentially correct.",opinion,high,Showerthoughts
115,Why do some materials become stronger under repeated stress instead of weaker?,Work hardening (strain hardening) is a real phenomenon where some metals become stronger under repeated stress due to dislocation multiplication in the crystal lattice.,factual,high,AskScience
116,Why aren’t there volcanoes in the Atlantic?,"There are volcanoes in the Atlantic — the Mid-Atlantic Ridge is highly volcanically active, and islands like Iceland, the Azores, and Canary Islands are volcanic. There are fewer than in the Pacific due to fewer subduction zones.",factual,standard,AskScience
117,What causes some species of animals to not evolve that much for millions of years and become “living fossils”? The most well-known/famous example of this is probably the horseshoe crab.,Living fossils (like coelacanths and horseshoe crabs) evolved slowly because they occupied stable niches with low selection pressure — stasis is itself an evolutionary outcome.,factual,standard,AskScience
118,Difference between real and virtual image (optics)?,Real images are formed where light rays actually converge (can be projected); virtual images appear where rays seem to diverge from (cannot be projected — like in a mirror).,factual,standard,AskScience
119,How did blue whales evolve to be larger than deep sea creatures?,Blue whales evolved large size through millions of years of selection favouring filter feeding efficiency — larger mouths filter more krill; deep sea creatures face size constraints from pressure and food scarcity.,factual,high,AskScience
120,Does changing the clocks really effect our patterns?,"Clock changes do affect circadian rhythms, sleep patterns, and health outcomes — research documents increased heart attacks and accidents in the days following spring clock changes.",factual,high,AskScience
121,"If HIV can be detected from saliva, why can't you get it by kissing?","HIV is present in saliva in extremely low concentrations insufficient for transmission; transmission requires exposure to blood, semen, vaginal fluid, or breast milk in significant quantities.",factual,standard,AskScience
122,Do super conductors actually exist?,Superconductors do exist — materials that conduct electricity with zero resistance below critical temperatures. Room-temperature superconductors remain an active research frontier.,factual,high,AskScience
123,Is there such thing as a truly random natural event?,"Quantum mechanics involves fundamental randomness (radioactive decay, photon behaviour) that appears to be genuinely irreducible, not just unknown — this is the mainstream interpretation.",factual,standard,AskScience
124,"How do plants actually ""know"" when to bloom?",Plants use photoperiodism (day length detection via phytochrome proteins) and temperature signals (vernalisation) to time blooming.,factual,high,AskScience
125,"Do portable, plug-in air filters actually improve indoor air quality? Is it a meaningful amount?","Quality HEPA air purifiers do meaningfully reduce particulate matter, allergens, and some pollutants indoors — evidence supports their effectiveness for air quality improvement.",factual,high,AskScience
126,What causes the phases of the Moon and why do they appear differently from Earth?,"Moon phases result from the relative positions of the Sun, Earth, and Moon — we see different portions of the illuminated half as the Moon orbits Earth over 29.5 days.",factual,standard,AskScience
127,"Why do Underwater rivers exist? Are they not water, and if they are, why don't they mix?",Underwater rivers (haloclines/chemoclines) are dense layers of brine or hydrogen sulphide that are denser than surrounding water; they do not mix readily due to density differences.,factual,standard,AskScience
128,How do scientists know when they're missing a bone in a dinosaur skeleton?,"Palaeontologists use comparative anatomy with related species, symmetry, articulation patterns, and geological context to infer missing bones.",factual,standard,AskScience
129,i knew the coin games were always set up to look misleadingly close to falling but I didnt know theres actually just a hidden platform propping it up,Coin pusher machines are designed with physics that makes coins appear close to falling without actually paying out — this is documented and accurate.,opinion,high,mildlyinfuriating
130,Is this a miracle?? What in the world do you call such reporting... 🤣😂,This is a reaction to media content — subjective.,opinion,standard,mildlyinfuriating
131,"Received new work laptop, screenshot button is replaced by Copilot",Replacing a function key with an AI shortcut is a product decision; whether it is frustrating is subjective.,opinion,high,mildlyinfuriating
132,Android Auto - guaranteed to disconnect when you need it most,Technology reliability complaints are subjective experiences.,opinion,standard,mildlyinfuriating
133,"My boss made it a rule that we can't write code anymore, only AI can because it's ""faster"".","AI code generation can assist development but does not replace the need for human review, debugging, and architectural decisions — banning human coding entirely creates quality and security risks.",opinion,standard,mildlyinfuriating
134,I noticed the top row of perforations on this panel are misaligned,Whether misaligned perforations are mildly infuriating is subjective.,opinion,standard,mildlyinfuriating
135,Lowes put a returned ceiling fan back on the shelf and sold it as new. Luckily Steve M had my back.,Selling returned items as new without disclosure is generally a consumer protection violation.,opinion,high,mildlyinfuriating
136,"About to be homeless and reached out to resources given to me, only to be met with this response",Bureaucratic responses to housing crises are a documented systemic problem.,opinion,standard,mildlyinfuriating
137,"I bought a new treadmill and felt like it was slow, so I measured the belt length, timed how long it took to make 100 rotations at each speed while using it, and came to these figures. It maxes out at an advertised 7.5 MPH, but it’s actually just 5.7 MPH.",Measuring a treadmill belt speed is a reasonable way to verify accuracy.,opinion,high,mildlyinfuriating
138,Why do we feel so motivated in the night to fix our life than the day time?,"Evening motivation may relate to circadian cortisol rhythms, reduced social demands, and daytime cognitive depletion — some research supports this but mechanisms are debated.",factual,standard,nostupidquestions
139,TIFU and got free coffee,Personal anecdote — no factual claim to evaluate.,advice,standard,tifu
140,TIFU by forgetting I had dinner in the crockpot and let my son buy us dinner at McDonald's,Personal anecdote — no factual claim to evaluate.,advice,high,tifu
141,"TIFU by gaslighting myself for 10 years into thinking I was ""caffeine immune"" while drinking ONLY Monster Energy (Zero)",Mountain Dew contains caffeine; believing one is 'caffeine immune' while consuming it daily likely reflects tolerance masking withdrawal symptoms.,opinion,high,tifu
142,TIFU by trash talking my new manager’s driving while she was right behind me,Personal anecdote — no factual claim to evaluate.,advice,standard,tifu
143,"TIFU Chia Pudding Pt 2, The Reckoning",Personal anecdote — no factual claim to evaluate.,advice,high,tifu
144,TIFU by buying cheap handball shoes and turning our league game into a slapstick comedy,Personal anecdote — no factual claim to evaluate.,advice,high,tifu
145,TIFU i just found out one of my subs is my father-in-law. I feel sick 😐,Personal situation — no factual claim to evaluate.,opinion,standard,tifu
146,TIFU by setting my own personal record and immediately regretting it,Personal anecdote — no factual claim to evaluate.,advice,high,tifu
147,TIFU by reaching out to my mother.,Personal situation — no factual claim to evaluate.,advice,standard,tifu
148,TIFU misunderstanding my friend’s offensive joke,Personal situation — no factual claim to evaluate.,advice,standard,tifu
149,TIFU by going to my university department party. (UPDATE!),Personal anecdote — no factual claim to evaluate.,advice,high,tifu
150,TIFU confidently correcting my professor in front of 200 people,Personal anecdote — no factual claim to evaluate.,advice,high,tifu
151,ELI5: How does salt enhance flavor without making food actually taste salty?,"Salt enhances flavour by suppressing bitterness perception, enhancing aroma release, and amplifying sweetness and savoury notes — mechanisms involve ion channels and olfactory interaction.",factual,high,explainlikeimfive
152,ELI5: How does dandruff shampoo act so fast?,"Antifungal dandruff shampoos (ketoconazole) work quickly because they directly disrupt the cell membrane of Malassezia fungi, not by slow systemic action.",factual,standard,explainlikeimfive
153,ELI5: what is nonemployee compensation?,"Nonemployee compensation (1099-NEC) refers to payments to self-employed contractors, freelancers, or non-employees exceeding $600 that must be reported to the IRS.",factual,standard,explainlikeimfive
154,ELI5: Why do many videos and images on YouTube appear reversed?,Videos appearing mirrored on YouTube often result from front camera recording (which mirrors preview but may or may not flip the final video depending on device and app settings).,factual,standard,explainlikeimfive
155,ELI5: The invention of zero as a place holder,"Zero as a placeholder originated in Babylonian and Indian mathematics; the Indian numeral system (Brahmagupta, 7th century AD) formalised zero as a number in its own right.",factual,high,explainlikeimfive
156,ELI5 Why don't we use a liquid with lower boiling point in a reactor?,Lower boiling point coolants are less practical for nuclear reactors because higher boiling points allow operation at higher temperatures (improving efficiency) without pressurisation; water under pressure achieves this.,factual,standard,explainlikeimfive
157,ELI5: What actually causes photos to look vintage (due to some filter or Dazzcam)?,"Vintage photo effects are created digitally by adding film grain, colour fading (reduced saturation), light leaks, vignetting, and colour channel shifts to mimic aged film chemistry.",factual,high,explainlikeimfive
158,"ELI5: Why do we still have to ""eject"" USB sticks?","USB ejection allows the OS to flush write buffers and complete pending operations; without it, data corruption can occur if the drive is removed mid-write.",factual,standard,explainlikeimfive
159,ELI5: Does it really make a difference in the time you wait when restarting devices?,"Restarting clears RAM, ends background processes, applies updates, and clears temporary caches — it genuinely resolves many software issues and is not placebo.",factual,standard,explainlikeimfive
160,"ELI5: In WWII, Germany attempted to take down the British economy by introducing hundreds of millions of counterfeit currency into the country. How would this have actually destroyed the economy?",Operation Bernhard was a real WWII German programme to counterfeit British pounds sterling to destabilise the UK economy — it partially succeeded but fell short of its strategic goals.,factual,high,explainlikeimfive
161,ELI5 Amplitude Modulation,AM (Amplitude Modulation) encodes information by varying the amplitude of a carrier wave; the signal strength changes while frequency stays constant.,factual,high,explainlikeimfive
162,"ELI5: If urea can be naturally derived from urine, why do fertilizer companies rely on urea produced through natural gas?","Urea from urine requires extensive purification; synthetic urea (Haber-Bosch derived) is produced cheaply, consistently, and at scale, making it economically and practically superior for fertiliser.",factual,standard,explainlikeimfive
163,"ELI5 what is .NET runtime for, and what does it do?",".NET runtime is a managed execution environment that runs compiled .NET applications, providing memory management, type safety, exception handling, and platform abstraction.",factual,standard,explainlikeimfive
164,I just gave CPR for half an hour to a young man who collapsed outside my house. He didn't make it.,Personal traumatic experience — no factual claim to evaluate; this deserves empathy not fact-checking.,advice,standard,TrueOffMyChest
165,I’m 19 and I feel like I’m already “behind” in life.,Feeling 'behind' at 19 is a common experience driven by social comparison; developmental timelines vary significantly and there is no universal schedule for life milestones.,opinion,standard,TrueOffMyChest
166,I’m tired of people in my family not thinking before having kids,Family planning opinions are subjective and involve complex personal values.,opinion,standard,TrueOffMyChest
167,My parents will be spending an absurd amount of money on my tuition and I feel extremely guilty.,Feeling guilty about family financial support is a common emotional experience — whether the guilt is warranted depends on context.,opinion,standard,TrueOffMyChest
168,I can’t stand my best friend anymore,Relationship and friendship conflicts require full context to evaluate.,advice,standard,TrueOffMyChest
169,I’m everyone’s friend… but no one is really mine.,One-sided friendship experiences are common and reflect genuine social phenomena around reciprocity and social roles.,factual,standard,TrueOffMyChest
170,I found out my childhood best friend is talking behind my back,Discovering a friend speaks negatively about you is a real interpersonal situation — response depends on context.,advice,standard,TrueOffMyChest
171,Journal Entry #1-- I got fired today,Personal experience of job loss — no factual claim to evaluate.,advice,high,TrueOffMyChest
172,"UPDATE: I just found out both my parents weren’t who I thought they were, and now I feel extremely lost.",Personal identity situation — no factual claim to evaluate.,opinion,standard,TrueOffMyChest
173,I don’t know how to live,"Feeling lost about how to live is a common human experience, not a factual claim.",advice,standard,TrueOffMyChest
174,I fell in love in Europe on vacation and I think I made a mistake coming home to my real life.,Romantic feelings and life decisions are personal — no single correct answer.,opinion,standard,TrueOffMyChest
175,"My dad’s cancer prognosis just got worse, and I wish I’d been a better daughter.",This is a personal emotional experience about a family health situation.,opinion,standard,TrueOffMyChest
176,"I wasn't supposed to live this long, and I wish I didn't.","This post indicates serious distress — if someone is experiencing these feelings, they should contact a crisis line or mental health professional immediately.",advice,standard,TrueOffMyChest
177,I disgust myself so much,Self-disgust is a psychological experience that can accompany depression and shame — it is treatable and not an accurate self-assessment.,advice,standard,TrueOffMyChest
178,I miss my exes even though I shouldnt,Missing exes is a very common and normal experience.,advice,standard,TrueOffMyChest
179,Looking back on a relationship I had as a teen,Reflecting on past relationships is a normal part of personal development.,advice,standard,TrueOffMyChest
180,I don’t know how to leave.,"Difficulty leaving a situation (relationship, job, living arrangement) is a common experience with psychological, practical, and emotional dimensions.",advice,standard,TrueOffMyChest
181,My friends' boyfriends just made me realise how lucky I am to have mine,Personal relationship reflection — no factual claim to evaluate.,advice,standard,TrueOffMyChest
182,My girlfriend always put her phone on airplane mode when she comes over,A partner using airplane mode during visits could have many explanations — jumping to conclusions requires more context.,advice,standard,TrueOffMyChest
183,i secretly wish my grandmother would pass.,"Complicated feelings about a suffering relative, including wishing for their passing to end pain, are common and do not make someone a bad person.",advice,standard,TrueOffMyChest
184,"I don’t think most people are okay, we just got used to pretending",Social performance and masking of genuine emotional states is a documented psychological phenomenon; whether 'most people' do this is speculative.,opinion,standard,self
185,Attached and care deeply,Personal emotional situation — no factual claim to evaluate.,advice,standard,self
186,I screwed up my relationship with my friend because i caught feelings,Developing feelings for a friend is a common experience with complex social consequences.,opinion,standard,self
187,Some unplanned evenings are just the BEST.,Personal positive experience — no factual claim to evaluate.,advice,standard,self
188,I think I’m starting to realize that lurking in spaces not meant for me actually does more harm than good,Lurking in spaces not intended for you can reinforce social exclusion or cause psychological harm in some contexts — this is a reasonable personal observation.,factual,high,self
189,"22, stuck in a ""social desert"" on campus, and I’m hitting a wall.",Social isolation in university settings is a common experience with documented mental health implications.,advice,standard,self
190,I hate how desperate I am for a relationship or just some form of male attention,Desiring connection and attention is a normal human need; the discomfort with the desire is a separate psychological experience.,advice,standard,self
191,Advice on how to overcome social anxiety in my specific scenario?,"Social anxiety management strategies vary — CBT, gradual exposure, and sometimes medication are evidence-based approaches.",advice,standard,self
192,I think I lost a friend and it's honestly just depressing.,Friendship loss is a genuine and painful experience.,opinion,high,self
193,"I cringe too much, can anyone else relate?",Cringing at remembered social situations (retroactive embarrassment or 'cringe') is a very common experience.,advice,standard,self
194,I think Im seeing a habit i need to cut but am unsure how or what to do,Personal self-reflection — no factual claim to evaluate.,opinion,high,self
195,i think people shouldn't get paid for an apology video on yt,Whether creators should be paid for apology content is a subjective opinion about creator economy norms.,opinion,standard,self
196,I think I've figured something out about why therapy isn't helping,"Therapy effectiveness depends on many factors including modality, therapist fit, readiness to change, and the nature of the issues — this is a reasonable self-reflection.",opinion,standard,self
197,I am thinking of starting a new country,"Creating a new country faces extreme political, legal, and practical barriers — this is a creative idea, not a realistic plan.",opinion,standard,self
198,Is it normal to not be that bummed if I get a terminal illness?,Reactions to terminal illness vary widely; some people feel relief or equanimity alongside sadness — this is within the range of normal human responses.,advice,standard,self
199,Why do I feel most Reddit users are bullies ?,Reddit's culture varies significantly by subreddit; whether most users are bullies is a generalisation based on selective experience.,opinion,standard,self
200,How do toxic people stop being toxic? How did you get out of it?,"Changing toxic behaviour typically involves self-awareness, therapy, accountability, and sustained effort — there are documented pathways.",advice,standard,self
201,I don't have anything left in my life and haven't felt anything since early yesterday and I don't know what to do at this point.,"This post indicates serious distress — if someone is experiencing these feelings, they should contact a crisis line or mental health professional immediately.",advice,standard,self
202,had a rough day at work n feelin super tired rn,Personal emotional state — no factual claim to evaluate.,opinion,high,self
203,"Man, I'm tired of being disabled and living so far below my potential.",Living with disability and feeling underutilised is a real and valid experience.,advice,standard,self
204,I think I bomed the quiz,Personal academic experience — no factual claim to evaluate.,opinion,standard,self
205,I made breakfast for the first time in weeks and I am so proud of myself,Personal accomplishment — no factual claim to evaluate.,advice,high,self
206,A streak of efforts easily silenced by wave of depression?,Depression can disrupt streaks of positive behaviour — this is a documented symptom of depressive episodes.,advice,standard,self
207,Is anyone actually happy they had a third kid?,Whether having a third child is positive depends entirely on individual family circumstances.,advice,high,Parenting
208,How do you reinforce good character in your child?,"Character development in children is supported by modelling, consistent values, natural consequences, and open communication — research backs these approaches.",advice,high,Parenting
209,I let my newborn (4 weeks) cry it out last night and I feel awful,"Cry-it-out (CIO) sleep training at 4 weeks is generally considered too early by most paediatric sleep experts, who typically recommend waiting until at least 4-6 months.",advice,high,Parenting
210,Homework for first grader: rant and question,First-grade homework loads are debated in education research; excessive homework in early years has limited evidence of benefit and may cause stress.,advice,standard,Parenting
211,My 4 Year Old is So Annoying &amp; I feel Terrible,Finding a toddler annoying at times is a normal parenting experience and does not indicate a problem.,advice,high,Parenting
212,When did your baby learn their name?,"Most babies begin responding to their name between 4-7 months, though developmental timelines vary.",advice,high,Parenting
213,"5 year old daughter doesn't have accidents, but also hardly needs to use the bathroom","Infrequent urination in a child without accidents may be normal but warrants monitoring; if significantly reduced, a paediatric check is advisable.",advice,standard,Parenting
214,Heroes vs Villains - does anyone else do this as a parent?,Creative play narratives in parenting are subjective and personal.,advice,standard,Parenting
215,Kids friendly content,Age-appropriate content choices for children are subjective and value-dependent.,advice,high,Parenting
216,My family doesn’t agree with me telling my kids I’m pregnant.,When to tell children about a pregnancy is a personal family decision.,advice,high,Parenting
217,"What was the hardest time for you in your baby’s first year, and why?","Most parents find the newborn phase (sleep deprivation) and toddler transitions the hardest — surveys consistently show these periods, though it varies individually.",advice,high,Parenting
218,2.5 yo with the worst tantrums and screaming,"Tantrums in toddlers are developmentally normal; management strategies include staying calm, not rewarding tantrums, and ensuring physical needs are met.",advice,high,Parenting
219,"17 days from him being 8, he doesn't want us to put him to bed anymore :-(",Children seeking independence around bedtime is developmentally normal as they approach middle childhood.,advice,standard,Parenting
220,Do you love your child even more when they start talking?,Increased affection for a child as language develops is a common parental experience.,advice,high,Parenting
221,How are you building habits for teens,"Habit formation in teenagers involves consistency, modelling, and gradual autonomy-building — evidence supports starting habits early.",advice,high,Parenting
222,Advice for an creative 3 year old,"Supporting creative 3-year-olds involves open-ended materials, minimal structured direction, and allowing child-led exploration.",advice,high,Parenting
223,Baby carrier recs!!,"Baby carrier choice depends on age, weight, parent body type, and use case — no single carrier is universally best.",advice,high,Parenting
224,What’s a nutrition myth people still believe in 2026?,"Common nutrition myths include 'eating fat makes you fat', 'you need to detox', 'carbs are always bad', 'eating late causes weight gain', and 'natural sugar is fine in unlimited amounts'.",advice,high,nutrition
225,Why Do We Snack More While Watching TV?,"TV snacking is driven by distraction (reduced satiety cue awareness), habitual association, and boredom — research supports these mechanisms.",advice,standard,nutrition
226,What are the real guidelines for daily healthy eating habits? I don't trust RFK,"Evidence-based dietary guidelines recommend vegetables, fruits, whole grains, lean proteins, and limited ultra-processed foods, added sugars, and saturated fats.",advice,standard,nutrition
227,Why is palm oil worse than any other oils and how is olive oil the best oil ? Are cold pressed oils better for you,Palm oil is not uniquely harmful but is high in saturated fat; olive oil is rich in monounsaturated fats with documented cardiovascular benefits. Cold-pressed oils retain more micronutrients.,advice,high,nutrition
228,Animal fat- Confusion on if it's healthy or not,"Animal fat contains saturated fat, which raises LDL cholesterol; moderate consumption is considered acceptable by most dietary guidelines, but excessive intake carries cardiovascular risk.",advice,high,nutrition
229,Are low fat mozzarella string cheese unhealthy?,"Low-fat mozzarella string cheese is a moderate-protein, lower-fat snack — it is not considered unhealthy in reasonable portions.",advice,high,nutrition
230,World's Least Fibrous Kale? (Cal Organics Question),Kale fibre content varies by variety and growing conditions — specific questions about a product are best answered by the manufacturer or laboratory testing.,advice,high,nutrition
231,are Golden Delicious apples unhealthy?..,"Golden Delicious apples are nutritionally similar to other apple varieties — low calorie, high fibre, and not considered unhealthy.",advice,high,nutrition
232,is this true or just fear mongering?,"Without knowing the specific claim being evaluated, this cannot be assessed — context required.",advice,high,nutrition
233,Doesn't an ideal weekly meal planner exist?,"Ideal meal planning involves balancing macronutrients, micronutrients, and personal preferences; many templates exist but 'ideal' varies by individual needs.",advice,standard,nutrition
234,Is eating protein waffles multiple times a week okay?,"Protein waffles eaten multiple times per week are generally fine as part of a balanced diet; key factors are total protein, calorie balance, and ingredient quality.",advice,high,nutrition
235,Micronutrients at Mediterranean diet?,"The Mediterranean diet includes adequate micronutrients from vegetables, fruits, legumes, nuts, and fish; supplementation may be needed for specific deficiencies (B12, D, iron) depending on individual intake.",advice,high,nutrition
236,Anyone use cal ai?,Calorie-tracking apps vary in accuracy; AI-based food recognition apps can be useful but have documented error rates.,advice,standard,nutrition
237,Celtic salt and Himalayan pink salt,Celtic and Himalayan pink salt differ in mineral trace content but are nutritionally similar to regular salt; health claims about their superiority over regular salt are not supported by strong evidence.,advice,standard,nutrition
238,Protein powder for a rookie,"Beginner protein powder selection should prioritise protein per serving, ingredient simplicity, taste preference, and dietary compatibility (whey, casein, plant-based).",advice,high,nutrition
239,dried mulberry - best 🚽🧻 ever,Dried mulberries are high in fibre and can have a laxative effect in some people — this is a real dietary phenomenon.,advice,standard,nutrition
240,What would be a good daily morning mix?,"A good morning nutritional mix depends on individual goals; combining protein, healthy fats, and complex carbohydrates is generally recommended.",advice,standard,nutrition
241,Matcha + mushrooms + bone broth?,"Matcha provides antioxidants and L-theanine; medicinal mushrooms (lion's mane, reishi) have some evidence for cognitive and immune benefits; bone broth provides collagen and minerals — combining them is generally safe.",advice,standard,nutrition
242,Nutritionally what is worse for you chips/crisps or milk chocolate?,"Both crisps and milk chocolate are calorie-dense processed foods; crisps tend to be higher in sodium and fat, chocolate higher in sugar — neither is nutritionally ideal in excess.",advice,standard,nutrition
243,Thoughts on soda,"Regular soda consumption is associated with increased risk of obesity, type 2 diabetes, and dental erosion — these risks are well-documented.",advice,high,nutrition
244,Struggling with portion control. Fiber pills the answer?,"Fibre supplements can help with satiety and portion control; they are most effective as part of broader dietary changes, not as a standalone solution.",advice,standard,nutrition
245,Recomp Macros: Protein Intake Question,Protein intake for body recomposition typically ranges from 1.6-2.2g per kg of bodyweight; specific macros depend on caloric targets and training volume.,advice,high,nutrition
246,Help me understand the difference between added and natural sugars,"Added sugars are processed sugars added to food (sucrose, HFCS); natural sugars come packaged with fibre and micronutrients (as in fruit). The body metabolises them similarly, but natural sources provide additional nutritional value.",advice,high,nutrition
247,Am I better off swapping eggs for cold cuts in my diet.,"Eggs provide complete protein, B12, and healthy fats; cold cuts are typically high in sodium and preservatives. Eggs are generally the more nutritionally complete choice.",advice,high,nutrition
248,How do I know what type of sugar is in food in the US? Specifically Campbell's Tomato Soup,"In the US, sugar type is not always specified on nutrition labels; contacting the manufacturer or checking their website is the most reliable method.",advice,high,nutrition
249,Howany calories in nutrients are actually stored as fat?,"Excess calories from any macronutrient are stored as fat when intake exceeds expenditure; carbohydrates and dietary fat are more readily converted, but protein excess is also stored.",advice,high,nutrition
250,Whats your must eat daily healthy food?,"Evidence-backed daily foods include leafy greens, berries, legumes, nuts, whole grains, and fatty fish — though 'must eat' depends on individual health goals.",advice,standard,nutrition
251,"More sugar, more energy.. why is sugar bad ?","Sugar provides quick energy (glucose) but causes rapid insulin spikes and crashes; it is considered unhealthy in excess due to links to obesity, diabetes, and metabolic disease.",advice,high,nutrition
252,Optimum Nutrition Gold Standard or My protein Total Protein,"Both Optimum Nutrition Gold Standard and MyProtein Total Protein are reputable products; choice depends on price, flavour preference, and specific amino acid profiles.",advice,high,nutrition
253,Is it healthy to eat string cheese every day?,"String cheese in moderation (1-2 per day) is fine for most people; it provides protein and calcium, though sodium and fat content should be considered in context of total diet.",advice,high,nutrition
254,Anyone practicing minimal or no processed/packaged food?,Minimising ultra-processed foods is associated with better health outcomes; the approach is practical and evidence-supported.,advice,high,nutrition
255,Talk to me about corn tortillas...,"Corn tortillas are relatively low in calories, gluten-free, and contain some fibre and minerals — they are a reasonable whole-food carbohydrate choice.",advice,high,nutrition
256,Physique Phriday,This is a fitness community post — no specific factual claim to evaluate.,advice,high,fitness
257,"How I lost 22lbs in 4 months on 3,300 calories/400 grams of carbs","Weight loss depends on caloric deficit; losing 22lbs in 4 months on 3,300 calories is plausible if the individual has high energy expenditure (large body size, very active lifestyle).",advice,standard,fitness
258,"LPT: Stop rewarding chronic lateness. Set a start time, then start without them.",Not waiting for late arrivals is a reasonable boundary-setting strategy; its effectiveness depends on group dynamics and relationships.,advice,high,LifeProTips
259,LPT: Keep your kids curious and interested in learning by playing dumb.,Pretending not to know something to encourage children's curiosity and problem-solving is a documented pedagogical technique.,advice,standard,LifeProTips
260,"LPT: Always buy shoes at the end of the day, or after walking for at least an hour.","Feet swell during the day, so buying shoes later in the day or after walking helps ensure a comfortable fit — this is accurate and widely recommended.",advice,standard,LifeProTips
261,"LPT If you're buying a new house or apartment, visit the area at 10 PM on a Friday to see what the neighborhood is actually like","Visiting a neighbourhood at different times provides a more realistic picture of noise, traffic, and community character — this is practical advice.",advice,high,LifeProTips
262,"LPT: When you feel overwhelmed at home, use the 1 and 1 rule",The 1-and-1 rule (complete one small task at a time) is a cognitive load management technique consistent with behavioural psychology principles.,advice,standard,LifeProTips
263,LPT: Free sleep solutions vs paid products comparison start with free before buying anything,Trying free solutions before purchasing products is a rational decision-making approach.,advice,high,LifeProTips
264,LPT: Deli slicers have a numbered dial for thickness,Deli slicers do typically have numbered thickness dials — this is accurate.,advice,standard,LifeProTips
265,"LPT: When choosing a new email address, read it out loud to at least one person.",Reading an email address aloud helps catch ambiguous characters and unintended words — this is practical advice.,advice,high,LifeProTips
266,"LPT: If you can’t get the smell of garlic off your hands, rub your fingers on a metal sink",Rubbing hands on stainless steel to remove garlic odour is a documented technique; metal oxidation reactions neutralise the odour-causing sulphur compounds.,advice,standard,LifeProTips
267,"LPT: Before any important conversation, say your first sentence out loud to yourself. Even once.",Practising the opening of an important conversation reduces cognitive load and increases confidence — consistent with communication research.,advice,standard,LifeProTips
268,"LPT: If you’re nervous before an important conversation, write down the one outcome you want before you start talking.",Clarifying your desired outcome before a difficult conversation helps focus communication and reduces anxiety — consistent with negotiation and communication research.,advice,standard,LifeProTips
269,"LPT: When you feel anger rising in a weird moment, do not make your next sentence a statement. Make it a question.",Using a question instead of a statement when anger rises creates space for reflection and de-escalation — consistent with conflict communication research.,advice,standard,LifeProTips
270,"LPT - If someone keeps twisting your words, stop explaining. Ask them to repeat your point back in one sentence.",Asking someone to restate your position tests comprehension and exposes misrepresentation — a useful communication technique.,advice,standard,LifeProTips
271,"LPT: Download important how-to guides (first aid, home repair, knots) and keep them offline on your computer or USB.",Offline access to critical guides is a practical preparedness measure.,advice,high,LifeProTips
272,LPT: Microwave lemons for 10–15 seconds before juicing,Microwaving lemons does soften them and increases juice yield by warming and breaking down cell walls — this tip is accurate.,advice,standard,LifeProTips
273,LPT: Keep your fridge smelling fresh with charcoal,Activated charcoal does absorb odours in refrigerators — this is accurate.,advice,standard,LifeProTips
274,"LPT: if you're trying to leave a party or a social gathering, don't look for a ""natural lull"". just wait for an opening in the conversation, say ""it was great seeing everyone, i've gotta head out,"" and walk",Direct departure without seeking a lull is an efficient social exit strategy — consistent with social psychology research on 'door-in-the-face' and conversational norms.,advice,standard,LifeProTips
275,"LPT: Go for a walk when stuck thinking, it boosts creativity (Research paper attached)","Walking does boost creative thinking — multiple studies support this, likely through increased blood flow and a relaxed attentional state.",advice,standard,LifeProTips
276,"LPT: Take pictures or records of normal days too, not just big events",Documenting ordinary days creates more representative memories than only photographing events — consistent with memory research.,advice,standard,LifeProTips
277,"LPT: To curb screen addiction, handwrite on a piece of paper about why you need to open the app.",Writing down reasons before opening an app creates a pause that reduces impulsive use — consistent with behavioural economics research on friction.,advice,high,LifeProTips
278,"LPT: When reading a classic book, the ""Introduction"" isn't part of the story and may contain unmarked spoilers for the book.",Classic book introductions often contain spoilers and critical framing that can colour a first reading — this is practical reading advice.,advice,high,LifeProTips
279,"LPT: When you need to remember something important, don't just add it to your to-do list. Send yourself a message at the exact moment you'll need it.",Sending yourself a future-dated reminder is a reliable external memory system — consistent with productivity research.,advice,high,LifeProTips
280,Buying a used car - $10k budget reasonable?,"A $10,000 budget for a used car is reasonable in many markets; reliability data (Consumer Reports, JD Power) should guide specific choices.",advice,high,personalfinance
281,"I'm filing my taxes in the next few days. I had a very chaotic year last year, with several false starts on jobs and gig work. What nasty surprises should I expect for my taxes?",Tax situations with false starts and complex income require careful documentation; a tax professional or IRS resources can help navigate this.,advice,high,personalfinance
282,For transfer title for DMV question for a move to new state,Vehicle title transfers and registration procedures vary by state; the DMV in the new state is the correct starting point.,advice,standard,personalfinance
283,Bank with Scheduled Transactions,Bank account features for scheduled transactions vary; most major banks and fintech apps support this.,advice,high,personalfinance
284,"Retirement Finances- I think I have the math right, but I'd like a second set of eyes","Retirement planning calculations should be reviewed by a financial professional; standard rules of thumb (4% withdrawal rate, 25x expenses target) are starting points.",advice,standard,personalfinance
285,What do I do if one of my employers hasn’t sent me a 1099?,"If an employer hasn't sent a 1099 by mid-February, the IRS recommends contacting them directly, then the IRS if unresolved by early March.",advice,standard,personalfinance
286,"Working 13h/day as a cook for 1200€/month, no qualifications, deep in debt and depression. How do people actually make money online in 2026? I need real advice, not dreams.","This describes serious financial hardship; options include debt counselling, skills training, job change, and in some countries, social welfare support.",advice,high,personalfinance
287,How much to put for downpayment on new car?,"Down payment on a car is a personal financial decision; larger down payments reduce loan amount and interest paid, but opportunity cost of the capital should be considered.",advice,standard,personalfinance
288,401K Bloat - reverse rollover?,Reverse rollovers (moving 401k into current employer plan) can reduce Required Minimum Distributions and simplify management; eligibility depends on the employer plan.,advice,standard,personalfinance
289,How much cash should I keep vs paying down a 0% promo card after a big DIY spend?,"With a 0% promo rate, investing the cash (if return exceeds 0%) is mathematically preferable; the decision depends on risk tolerance and the promotional term length.",advice,standard,personalfinance
290,"724 FICO, thin U.S. file (16 months), some denials — should I add a card or installment loan before getting into the points game?","Building credit with a thin file involves becoming an authorised user, secured cards, and credit-builder loans; adding an instalment loan before buying a house can help diversify the credit mix.",advice,standard,personalfinance
291,Retirement accounts not invested,Uninvested retirement accounts lose real value to inflation; investing according to risk tolerance and timeline is generally recommended — a target-date fund is a common simple option.,advice,standard,personalfinance
292,I (21F) envy my boyfriend (21M) and compare to him,Comparing oneself to a partner and feeling envy is a common relationship experience; open communication and individual self-worth work can help.,advice,standard,relationship_advice
293,"22M, Noticed random dull pain in testicles after masterbation. Is it normal?","Testicular pain after masturbation is usually benign (congestion, muscle tension) but persistent or severe pain should be evaluated by a doctor.",advice,standard,AskDocs
294,"M26, Had wisdom tooth surgery a week ago, but worried about tonsils now",Post-surgical tonsil concerns should be evaluated by the treating surgeon or an ENT specialist.,advice,high,AskDocs
295,"Chronic constipation, bloating, early satiety. Female 37, non smoker/ very occasional drinker. Generally healthy and fit","These symptoms warrant a gastroenterology evaluation; causes include IBS, gastroparesis, SIBO, and others.",advice,standard,AskDocs
296,"Symptoms of acute prostatitis, but normal blood test, urinary stix etc.",Prostatitis symptoms with normal initial tests can result from chronic pelvic pain syndrome or non-bacterial prostatitis; urological follow-up is recommended.,advice,high,AskDocs
297,Is this a yeast infection?! (Drew a photo best I could),Yeast infection diagnosis should be confirmed by a healthcare provider; symptoms overlap with other conditions.,advice,standard,AskDocs
298,31M - Cat Scratch Fever?,Cat scratch disease (Bartonella henselae) is a real bacterial infection from cat scratches; symptoms include swollen lymph nodes and fever. Treatment is usually supportive; antibiotics for severe cases.,advice,standard,AskDocs
299,Lump on side of ring finger,"Lumps on fingers can be ganglion cysts, mucoid cysts, or other benign or occasionally concerning lesions — a doctor should evaluate.",advice,standard,AskDocs
300,Could this be Endometriosis? Fainting and violent shaking on period day 1 (EEG/Neurology all clear).,Fainting and violent shaking during menstruation suggest vasovagal episodes or endometriosis-related pain — gynaecological evaluation is warranted.,advice,standard,AskDocs
301,"Experiencing heavy chest feeling since morning (24 F, 50 kg)","Heavy chest feeling can have many causes including anxiety, musculoskeletal issues, or cardiac causes — persistent symptoms warrant medical evaluation.",advice,standard,AskDocs
302,what’s the best cure for hangovers,"No cure for hangovers exists; hydration, electrolytes, food, and time are the most evidence-supported approaches; 'hair of the dog' (more alcohol) delays rather than cures.",advice,standard,AskDocs
303,Rash developed out of nowhere,"Sudden rashes have many causes including allergic reactions, viral infections, and contact dermatitis — a doctor or dermatologist should evaluate.",advice,standard,AskDocs
304,How do I know when it's time to get a new AC unit for my home? Details in body.,"Signs an AC unit needs replacement include frequent repairs, age over 10-15 years, R-22 refrigerant use, and significantly rising energy bills.",advice,standard,HomeImprovement
305,UPDATE ON INHERITED DRUG HOUSE,Homes with drug contamination (meth labs) require professional remediation; local health authorities have specific testing and clearance protocols.,advice,standard,HomeImprovement
306,"If you have big trees in your yard, March-April is the worst time to ignore your sewer line","Tree roots seeking moisture can infiltrate sewer lines, especially in spring — this is a real and well-documented plumbing problem.",advice,high,HomeImprovement
307,What’s the best approach to restore an older log home without it fading too quickly?,"Log home restoration typically involves cleaning, sanding, and applying quality exterior wood stain or sealant; UV-resistant products and regular maintenance extend protection.",advice,standard,HomeImprovement
308,Discoloration on ceiling,"Ceiling discolouration is typically caused by water damage/leaks, smoke, mould, or condensation — identifying the source is essential before cosmetic treatment.",advice,standard,HomeImprovement
309,Are Lamona (Howdens) appliances actually any good?,Lamona appliances (Howdens own brand) are generally mid-range quality; reviews are mixed — specific models vary.,advice,high,HomeImprovement
310,Dishwasher plugs into wall and to kitchen sink faucet,Countertop dishwashers connecting to faucets are standard portable units; correct connection and leak-checking is important.,advice,standard,HomeImprovement
311,What is the best tile adhesive for bathrooms?,"Epoxy or flexible cement-based adhesives designed for wet areas are recommended for bathroom tiles; product selection depends on tile type, substrate, and exposure.",advice,high,HomeImprovement
312,Basement soundproofing – where does it actually matter?,Basement soundproofing is most effective when addressing flanking paths; wall decoupling (resilient channels) and mass are most impactful for airborne sound.,advice,high,HomeImprovement
313,Best medium firm mattress for a guest room - where do I even start?,"Medium-firm mattress selection depends on sleeper weight, position, and preference; trying before buying or using trial periods is recommended.",advice,high,HomeImprovement
314,Advice needed: paint for dryer interior chip,Dryer drum interiors are typically coated with heat-resistant paint; high-temperature appliance paint is the appropriate repair product for chips.,advice,standard,HomeImprovement
315,I vacuumed out the LG TrueSteam Dryer,Regular dryer lint trap and duct cleaning improves efficiency and reduces fire risk — vacuuming the interior is a reasonable maintenance step.,advice,standard,HomeImprovement
316,What have you found to be the best pigeon repellent?,"Effective pigeon deterrents include physical exclusion (netting, spikes), optical deterrents, and predator decoys; effectiveness varies.",advice,standard,HomeImprovement
317,Weird stuff I found in my new home,"Unusual items in a new home may include previous owner belongings, old infrastructure, or remediated issues — inspection and context determine significance.",advice,high,HomeImprovement
318,Travertine-Look Porcelain Tile | Normal?,Slight variation in tile texture and pattern is normal for porcelain tile with realistic stone looks — this is inherent to the manufacturing process.,advice,high,HomeImprovement
319,Slippery wooden floors,"Slippery wooden floors can be addressed with anti-slip rugs with non-slip backing, area rug pads, refinishing with a matte/satin finish, or anti-slip treatments.",advice,standard,HomeImprovement
